編號,類別,項目,目前文字,程式位置,審校結果（保留／修改／刪除／待討論）,建議文字,依據來源（書名、頁碼或網址）,理由,審校者,日期
F-via-name,十六象,道路／Via（1111） 中文譯名,道路,src/domain/catalog.ts,,,,,,
F-via-keywords,十六象,道路／Via（1111） 關鍵詞,移動、變化、歷程,src/domain/catalog.ts,,,,,,
F-via-reflection,十六象,道路／Via（1111） 反思提示,有哪些條件正在改變？先選一個可以調整的小步驟。,src/domain/catalog.ts,,,,,,
F-via-in-house,十二宮逐宮,道路／Via（1111） 落在任一宮時的傾向,這個領域正在移動或轉變，狀態不容易停在原地。,src/domain/advanced.ts,,,,,,
F-via-planet,對應,道路／Via（1111） 行星,月亮,src/content/learn.ts（G09）,,,,,,
F-populus-name,十六象,群眾／Populus（2222） 中文譯名,群眾,src/domain/catalog.ts,,,,,,
F-populus-keywords,十六象,群眾／Populus（2222） 關鍵詞,群體、承接、環境影響,src/domain/catalog.ts,,,,,,
F-populus-reflection,十六象,群眾／Populus（2222） 反思提示,分辨自己的想法與他人的期待，再決定要回應什麼。,src/domain/catalog.ts,,,,,,
F-populus-in-house,十二宮逐宮,群眾／Populus（2222） 落在任一宮時的傾向,這個領域受周遭的人與環境左右，自己的主導較少。,src/domain/advanced.ts,,,,,,
F-populus-planet,對應,群眾／Populus（2222） 行星,月亮,src/content/learn.ts（G09）,,,,,,
F-fortuna-major-name,十六象,大幸運／Fortuna Major（2211） 中文譯名,大幸運,src/domain/catalog.ts,,,,,,
F-fortuna-major-keywords,十六象,大幸運／Fortuna Major（2211） 關鍵詞,穩定力量、累積、持續,src/domain/catalog.ts,,,,,,
F-fortuna-major-reflection,十六象,大幸運／Fortuna Major（2211） 反思提示,盤點已經累積的能力，選擇能持續投入的一項。,src/domain/catalog.ts,,,,,,
F-fortuna-major-in-house,十二宮逐宮,大幸運／Fortuna Major（2211） 落在任一宮時的傾向,這個領域有穩固、可以持續累積的力量。,src/domain/advanced.ts,,,,,,
F-fortuna-major-planet,對應,大幸運／Fortuna Major（2211） 行星,太陽,src/content/learn.ts（G09）,,,,,,
F-fortuna-minor-name,十六象,小幸運／Fortuna Minor（1122） 中文譯名,小幸運,src/domain/catalog.ts,,,,,,
F-fortuna-minor-keywords,十六象,小幸運／Fortuna Minor（1122） 關鍵詞,短期助力、機會、外援,src/domain/catalog.ts,,,,,,
F-fortuna-minor-reflection,十六象,小幸運／Fortuna Minor（1122） 反思提示,確認目前可用的協助，以及它能維持多久。,src/domain/catalog.ts,,,,,,
F-fortuna-minor-in-house,十二宮逐宮,小幸運／Fortuna Minor（1122） 落在任一宮時的傾向,這個領域有來得快也去得快的助力，適合把握時機。,src/domain/advanced.ts,,,,,,
F-fortuna-minor-planet,對應,小幸運／Fortuna Minor（1122） 行星,太陽,src/content/learn.ts（G09）,,,,,,
F-acquisitio-name,十六象,獲得／Acquisitio（2121） 中文譯名,獲得,src/domain/catalog.ts,,,,,,
F-acquisitio-keywords,十六象,獲得／Acquisitio（2121） 關鍵詞,增加、取得、聚集,src/domain/catalog.ts,,,,,,
F-acquisitio-reflection,十六象,獲得／Acquisitio（2121） 反思提示,說清楚希望增加的是什麼，以及取得它需要的代價。,src/domain/catalog.ts,,,,,,
F-acquisitio-in-house,十二宮逐宮,獲得／Acquisitio（2121） 落在任一宮時的傾向,這個領域傾向增加與取得，東西會往你這裡聚集。,src/domain/advanced.ts,,,,,,
F-acquisitio-planet,對應,獲得／Acquisitio（2121） 行星,木星,src/content/learn.ts（G09）,,,,,,
F-amissio-name,十六象,失去／Amissio（1212） 中文譯名,失去,src/domain/catalog.ts,,,,,,
F-amissio-keywords,十六象,失去／Amissio（1212） 關鍵詞,減少、付出、放下,src/domain/catalog.ts,,,,,,
F-amissio-reflection,十六象,失去／Amissio（1212） 反思提示,辨認值得保留與可以放下的事物，避免只以得失評價自己。,src/domain/catalog.ts,,,,,,
F-amissio-in-house,十二宮逐宮,失去／Amissio（1212） 落在任一宮時的傾向,這個領域傾向減少或付出，可能需要放下某些東西。,src/domain/advanced.ts,,,,,,
F-amissio-planet,對應,失去／Amissio（1212） 行星,金星,src/content/learn.ts（G09）,,,,,,
F-conjunctio-name,十六象,交會／Conjunctio（2112） 中文譯名,交會,src/domain/catalog.ts,,,,,,
F-conjunctio-keywords,十六象,交會／Conjunctio（2112） 關鍵詞,連結、相遇、結合,src/domain/catalog.ts,,,,,,
F-conjunctio-reflection,十六象,交會／Conjunctio（2112） 反思提示,列出可以接觸的人或資訊，確認彼此需要交換的內容。,src/domain/catalog.ts,,,,,,
F-conjunctio-in-house,十二宮逐宮,交會／Conjunctio（2112） 落在任一宮時的傾向,這個領域的重點在連結與相遇，人或條件會被接起來。,src/domain/advanced.ts,,,,,,
F-conjunctio-planet,對應,交會／Conjunctio（2112） 行星,水星,src/content/learn.ts（G09）,,,,,,
F-carcer-name,十六象,囚牢／Carcer（1221） 中文譯名,囚牢,src/domain/catalog.ts,,,,,,
F-carcer-keywords,十六象,囚牢／Carcer（1221） 關鍵詞,限制、固定、邊界,src/domain/catalog.ts,,,,,,
F-carcer-reflection,十六象,囚牢／Carcer（1221） 反思提示,分清必要的界線與可以協商的限制，再挑一項處理。,src/domain/catalog.ts,,,,,,
F-carcer-in-house,十二宮逐宮,囚牢／Carcer（1221） 落在任一宮時的傾向,這個領域有限制或固定的結構，可能卡住，也可能是保護。,src/domain/advanced.ts,,,,,,
F-carcer-planet,對應,囚牢／Carcer（1221） 行星,土星,src/content/learn.ts（G09）,,,,,,
F-laetitia-name,十六象,喜悅／Laetitia（1222） 中文譯名,喜悅,src/domain/catalog.ts,,,,,,
F-laetitia-keywords,十六象,喜悅／Laetitia（1222） 關鍵詞,上升、欣喜、展開,src/domain/catalog.ts,,,,,,
F-laetitia-reflection,十六象,喜悅／Laetitia（1222） 反思提示,留意讓自己願意投入的部分，也檢查所需資源。,src/domain/catalog.ts,,,,,,
F-laetitia-in-house,十二宮逐宮,喜悅／Laetitia（1222） 落在任一宮時的傾向,這個領域有上升、開朗的氣氛。,src/domain/advanced.ts,,,,,,
F-laetitia-planet,對應,喜悅／Laetitia（1222） 行星,木星,src/content/learn.ts（G09）,,,,,,
F-tristitia-name,十六象,悲傷／Tristitia（2221） 中文譯名,悲傷,src/domain/catalog.ts,,,,,,
F-tristitia-keywords,十六象,悲傷／Tristitia（2221） 關鍵詞,下沉、沉重、收束,src/domain/catalog.ts,,,,,,
F-tristitia-reflection,十六象,悲傷／Tristitia（2221） 反思提示,把沉重的事情拆小，辨認現在需要的支持或休息。,src/domain/catalog.ts,,,,,,
F-tristitia-in-house,十二宮逐宮,悲傷／Tristitia（2221） 落在任一宮時的傾向,這個領域偏沉重或往下收束，需要耐心處理。,src/domain/advanced.ts,,,,,,
F-tristitia-planet,對應,悲傷／Tristitia（2221） 行星,土星,src/content/learn.ts（G09）,,,,,,
F-puer-name,十六象,少年／Puer（1121） 中文譯名,少年,src/domain/catalog.ts,,,,,,
F-puer-keywords,十六象,少年／Puer（1121） 關鍵詞,行動、衝勁、衝突,src/domain/catalog.ts,,,,,,
F-puer-reflection,十六象,少年／Puer（1121） 反思提示,在採取行動前，寫下目標與不想跨越的界線。,src/domain/catalog.ts,,,,,,
F-puer-in-house,十二宮逐宮,少年／Puer（1121） 落在任一宮時的傾向,這個領域充滿衝勁與行動，也容易起衝突。,src/domain/advanced.ts,,,,,,
F-puer-planet,對應,少年／Puer（1121） 行星,火星,src/content/learn.ts（G09）,,,,,,
F-puella-name,十六象,少女／Puella（1211） 中文譯名,少女,src/domain/catalog.ts,,,,,,
F-puella-keywords,十六象,少女／Puella（1211） 關鍵詞,和諧、吸引、協調,src/domain/catalog.ts,,,,,,
F-puella-reflection,十六象,少女／Puella（1211） 反思提示,確認自己希望維持的關係，也把真實需求說清楚。,src/domain/catalog.ts,,,,,,
F-puella-in-house,十二宮逐宮,少女／Puella（1211） 落在任一宮時的傾向,這個領域偏向和諧、吸引與協調。,src/domain/advanced.ts,,,,,,
F-puella-planet,對應,少女／Puella（1211） 行星,金星,src/content/learn.ts（G09）,,,,,,
F-albus-name,十六象,白／Albus（2212） 中文譯名,白,src/domain/catalog.ts,,,,,,
F-albus-keywords,十六象,白／Albus（2212） 關鍵詞,澄清、審慎、理性,src/domain/catalog.ts,,,,,,
F-albus-reflection,十六象,白／Albus（2212） 反思提示,先補一項缺少的資訊，再作下一個選擇。,src/domain/catalog.ts,,,,,,
F-albus-in-house,十二宮逐宮,白／Albus（2212） 落在任一宮時的傾向,這個領域需要冷靜、澄清與審慎思考。,src/domain/advanced.ts,,,,,,
F-albus-planet,對應,白／Albus（2212） 行星,水星,src/content/learn.ts（G09）,,,,,,
F-rubeus-name,十六象,紅／Rubeus（2122） 中文譯名,紅,src/domain/catalog.ts,,,,,,
F-rubeus-keywords,十六象,紅／Rubeus（2122） 關鍵詞,激烈、慾望、失序,src/domain/catalog.ts,,,,,,
F-rubeus-reflection,十六象,紅／Rubeus（2122） 反思提示,先記下強烈感受，等狀態穩定後再處理重要決定。,src/domain/catalog.ts,,,,,,
F-rubeus-in-house,十二宮逐宮,紅／Rubeus（2122） 落在任一宮時的傾向,這個領域情緒或慾望強烈，容易失去秩序。,src/domain/advanced.ts,,,,,,
F-rubeus-planet,對應,紅／Rubeus（2122） 行星,火星,src/content/learn.ts（G09）,,,,,,
F-caput-draconis-name,十六象,龍首／Caput Draconis（2111） 中文譯名,龍首,src/domain/catalog.ts,,,,,,
F-caput-draconis-keywords,十六象,龍首／Caput Draconis（2111） 關鍵詞,進入、開始、新階段,src/domain/catalog.ts,,,,,,
F-caput-draconis-reflection,十六象,龍首／Caput Draconis（2111） 反思提示,若準備開始，先確認最小可行的第一步與必要條件。,src/domain/catalog.ts,,,,,,
F-caput-draconis-in-house,十二宮逐宮,龍首／Caput Draconis（2111） 落在任一宮時的傾向,這個領域正要進入新的開始。,src/domain/advanced.ts,,,,,,
F-caput-draconis-planet,對應,龍首／Caput Draconis（2111） 行星,月交點（北交點）,src/content/learn.ts（G09）,,,,,,
F-cauda-draconis-name,十六象,龍尾／Cauda Draconis（1112） 中文譯名,龍尾,src/domain/catalog.ts,,,,,,
F-cauda-draconis-keywords,十六象,龍尾／Cauda Draconis（1112） 關鍵詞,離開、結束、清除,src/domain/catalog.ts,,,,,,
F-cauda-draconis-reflection,十六象,龍尾／Cauda Draconis（1112） 反思提示,整理需要收尾的事項，留意結束過程中的責任。,src/domain/catalog.ts,,,,,,
F-cauda-draconis-in-house,十二宮逐宮,龍尾／Cauda Draconis（1112） 落在任一宮時的傾向,這個領域有某些事正在結束或離開。,src/domain/advanced.ts,,,,,,
F-cauda-draconis-planet,對應,龍尾／Cauda Draconis（1112） 行星,月交點（南交點）,src/content/learn.ts（G09）,,,,,,
H-1-name,十二宮,第 1 宮 名稱,自己與當下處境,src/domain/catalog.ts,,,,,,
H-1-examples,十二宮,第 1 宮 常見觀察範圍（學習區）,我目前的狀態、立場與在這件事中的角色,src/content/learn.ts,,,,,,
H-1-prompt,十二宮逐宮,第 1 宮 反思問題,你現在用什麼狀態與態度面對這件事？,src/domain/advanced.ts,,,,,,
H-2-name,十二宮,第 2 宮 名稱,資源與財物,src/domain/catalog.ts,,,,,,
H-2-examples,十二宮,第 2 宮 常見觀察範圍（學習區）,收入、存款、手上可以運用的資源,src/content/learn.ts,,,,,,
H-2-prompt,十二宮逐宮,第 2 宮 反思問題,手上有哪些資源，哪些需要補足？,src/domain/advanced.ts,,,,,,
H-3-name,十二宮,第 3 宮 名稱,近距離往來與訊息,src/domain/catalog.ts,,,,,,
H-3-examples,十二宮,第 3 宮 常見觀察範圍（學習區）,兄弟姊妹、鄰居、短程往來、訊息與文件,src/content/learn.ts,,,,,,
H-3-prompt,十二宮逐宮,第 3 宮 反思問題,身邊有哪些消息或往來值得留意？,src/domain/advanced.ts,,,,,,
H-4-name,十二宮,第 4 宮 名稱,家庭與根基,src/domain/catalog.ts,,,,,,
H-4-examples,十二宮,第 4 宮 常見觀察範圍（學習區）,家庭、住處，以及一件事的根基,src/content/learn.ts,,,,,,
H-4-prompt,十二宮逐宮,第 4 宮 反思問題,家庭或根基給你什麼支撐或牽絆？,src/domain/advanced.ts,,,,,,
H-5-name,十二宮,第 5 宮 名稱,戀愛與創作,src/domain/catalog.ts,,,,,,
H-5-examples,十二宮,第 5 宮 常見觀察範圍（學習區）,戀愛、子女、創作與娛樂,src/content/learn.ts,,,,,,
H-5-prompt,十二宮逐宮,第 5 宮 反思問題,這件事和你的熱情、創造力有什麼關係？,src/domain/advanced.ts,,,,,,
H-6-name,十二宮,第 6 宮 名稱,日常工作與照料,src/domain/catalog.ts,,,,,,
H-6-examples,十二宮,第 6 宮 常見觀察範圍（學習區）,日常工作、作息、同事與照料的責任,src/content/learn.ts,,,,,,
H-6-prompt,十二宮逐宮,第 6 宮 反思問題,日常的工作與身體照顧跟得上嗎？,src/domain/advanced.ts,,,,,,
H-7-name,十二宮,第 7 宮 名稱,伴侶、合作與對手,src/domain/catalog.ts,,,,,,
H-7-examples,十二宮,第 7 宮 常見觀察範圍（學習區）,伴侶、合作對象、合約，以及公開的對手,src/content/learn.ts,,,,,,
H-7-prompt,十二宮逐宮,第 7 宮 反思問題,合作對象或對手的立場是什麼？,src/domain/advanced.ts,,,,,,
H-8-name,十二宮,第 8 宮 名稱,共享資源與失落,src/domain/catalog.ts,,,,,,
H-8-examples,十二宮,第 8 宮 常見觀察範圍（學習區）,他人的資源、共同財務、失落與結束,src/content/learn.ts,,,,,,
H-8-prompt,十二宮逐宮,第 8 宮 反思問題,與他人共享的資源或可能的失落是什麼？,src/domain/advanced.ts,,,,,,
H-9-name,十二宮,第 9 宮 名稱,遠行與學習,src/domain/catalog.ts,,,,,,
H-9-examples,十二宮,第 9 宮 常見觀察範圍（學習區）,遠行、進修、信念與較長遠的計畫,src/content/learn.ts,,,,,,
H-9-prompt,十二宮逐宮,第 9 宮 反思問題,有哪些需要學習或往外走的部分？,src/domain/advanced.ts,,,,,,
H-10-name,十二宮,第 10 宮 名稱,職位與公共角色,src/domain/catalog.ts,,,,,,
H-10-examples,十二宮,第 10 宮 常見觀察範圍（學習區）,職業、地位、名聲與上司,src/content/learn.ts,,,,,,
H-10-prompt,十二宮逐宮,第 10 宮 反思問題,這件事如何影響你的職位與公共角色？,src/domain/advanced.ts,,,,,,
H-11-name,十二宮,第 11 宮 名稱,朋友與支持,src/domain/catalog.ts,,,,,,
H-11-examples,十二宮,第 11 宮 常見觀察範圍（學習區）,朋友、團體、支持與希望,src/content/learn.ts,,,,,,
H-11-prompt,十二宮逐宮,第 11 宮 反思問題,誰可以支持你？你期待什麼？,src/domain/advanced.ts,,,,,,
H-12-name,十二宮,第 12 宮 名稱,隱藏的限制,src/domain/catalog.ts,,,,,,
H-12-examples,十二宮,第 12 宮 常見觀察範圍（學習區）,隱藏的困難、自我設限、幕後的事,src/content/learn.ts,,,,,,
H-12-prompt,十二宮逐宮,第 12 宮 反思問題,有沒有看不到、卻在限制你的因素？,src/domain/advanced.ts,,,,,,
P-occupation,成事關係,同象（Occupation） 名稱,同象（Occupation）,src/domain/advanced.ts（G06）,,,,,,
P-conjunction,成事關係,接合（Conjunction） 名稱,接合（Conjunction）,src/domain/advanced.ts（G06）,,,,,,
P-mutation,成事關係,轉移（Mutation） 名稱,轉移（Mutation）,src/domain/advanced.ts（G06）,,,,,,
P-translation,成事關係,傳遞（Translation） 名稱,傳遞（Translation）,src/domain/advanced.ts（G06）,,,,,,
A-sextile,相位,六分相（Sextile） 說明,兩個領域之間有溫和的助力，需要主動去接。,src/domain/advanced.ts（G08）,,,,,,
A-trine,相位,三分相（Trine） 說明,兩個領域之間互相支持，事情較容易順著走。,src/domain/advanced.ts（G08）,,,,,,
A-square,相位,四分相（Square） 說明,兩個領域之間有摩擦或拉扯，要付出力氣調整。,src/domain/advanced.ts（G08）,,,,,,
A-opposition,相位,對分相（Opposition） 說明,兩個領域彼此對立，常見拉鋸、正面相對或需要協商。,src/domain/advanced.ts（G08）,,,,,,
L-role-M1,學習區,四母象 的說明,直接由起卦得出，是整張盤唯一的輸入；其餘十二個位置都由它們推出。依序放在第 1–4 宮。,src/content/learn.ts,,,,,,
L-role-D1,學習區,四女象 的說明,把四母象「橫著讀」：第一女象依序取四個母象的第一行，依此類推。不需要計算，只是換個方向讀。依序放在第 5–8 宮。,src/content/learn.ts,,,,,,
L-role-N1,學習區,四姪象 的說明,相鄰兩象逐行合成：第一、二母象合成第一姪象，第三、四母象合成第二姪象，女象同理。依序放在第 9–12 宮。,src/content/learn.ts,,,,,,
L-role-RW,學習區,右證人與左證人 的說明,右證人由母象這一側的兩個姪象合成，左證人由女象這一側的兩個姪象合成。本產品把兩者並列觀察，不固定解作過去與未來。證人不入宮。,src/content/learn.ts,,,,,,
L-role-J,學習區,裁判 的說明,由兩證人合成，是整張盤的總結。裁判一定是偶數點，所以只會是十六象中的八個。裁判不入宮。,src/content/learn.ts,,,,,,
L-role-R,學習區,調和者 的說明,由裁判與第一母象合成，用來在裁判不夠明確時多看一層。部分傳統不使用，所以結果頁預設隱藏。,src/content/learn.ts,,,,,,
L-customs,學習區,古典禁例與起卦習慣（整頁）,見 App 的 #/learn/customs,src/features/learn/CustomsPage.tsx（G10）,,,,,,
L-houses-page,學習區,十二宮與盤位：術語說明（整頁）,見 App 的 #/learn/houses,src/features/learn/HousesPage.tsx（G06、G07）,,,,,,
S-basic,整段解讀,基礎解讀（裁判、兩證人、宮位、反思）的組合句型,見 samples.md 各盤的「基礎解讀」,src/domain/readingV2.ts,,,,,,
S-advanced,整段解讀,進階解讀（成事、相位、象的重現、點之道、證人與裁判、停止盤）的組合句型,見 samples.md 各盤的「進階解讀」,src/domain/advanced.ts,,,,,,
